{
  "meta": {
    "system": {
      "python": "3.13.5",
      "platform": "darwin",
      "jax": "0.6.2",
      "numpy": "2.3.1",
      "gymnasium": "1.2.0",
      "devices": [
        "cpu:0"
      ]
    },
    "runs": 3,
    "batch_powers": [
      0,
      1,
      2,
      3,
      4,
      5,
      6,
      7,
      8,
      9,
      10,
      11,
      12,
      13,
      14,
      15,
      16
    ],
    "fixed_steps": 100,
    "modes": [
      "jaxarc-jit"
    ],
    "num_devices": 1,
    "unroll": 1,
    "timestamp": "20250913-110915",
    "run_tag": "cpu",
    "task": {
      "task_id": "Most_Common_color_l6ab0lf3xztbyxsu3p",
      "task_idx": 12
    },
    "mode": "jaxarc-jit"
  },
  "throughput": {
    "1": {
      "jaxarc-jit": {
        "times": [
          0.0013896659947931767,
          0.00047862500650808215,
          0.0004083749954588711
        ],
        "sps": [
          71959.7373575245,
          208931.83314756743,
          244872.97486868623
        ],
        "compile_time": 1.8107577920309268,
        "total_times": [
          1.81214745802572,
          1.8112364170374349,
          1.8111661670263857
        ]
      }
    },
    "2": {
      "jaxarc-jit": {
        "times": [
          0.0017201249720528722,
          0.0008676249999552965,
          0.0008425409905612469
        ],
        "sps": [
          116270.62175680832,
          230514.33512209167,
          237377.17480875654
        ],
        "compile_time": 1.6989459169562906,
        "total_times": [
          1.7006660419283435,
          1.699813541956246,
          1.6997884579468518
        ]
      }
    },
    "4": {
      "jaxarc-jit": {
        "times": [
          0.0018537919968366623,
          0.0013911250280216336,
          0.001250916044227779
        ],
        "sps": [
          215773.93832887715,
          287537.0595329261,
          319765.6644071024
        ],
        "compile_time": 1.871212124999147,
        "total_times": [
          1.8730659169959836,
          1.8726032500271685,
          1.8724630410433747
        ]
      }
    },
    "8": {
      "jaxarc-jit": {
        "times": [
          0.0032362500205636024,
          0.002632999967318028,
          0.0025988330016843975
        ],
        "sps": [
          247199.68942964353,
          303835.93236990407,
          307830.47601807857
        ],
        "compile_time": 1.9901226250221953,
        "total_times": [
          1.9933588750427589,
          1.9927556249895133,
          1.9927214580238797
        ]
      }
    },
    "16": {
      "jaxarc-jit": {
        "times": [
          0.006409084016922861,
          0.005481291969772428,
          0.0052900409791618586
        ],
        "sps": [
          249645.65853330697,
          291901.9838431319,
          302455.12393998506
        ],
        "compile_time": 2.0129332920187153,
        "total_times": [
          2.019342376035638,
          2.0184145839884877,
          2.018223332997877
        ]
      }
    },
    "32": {
      "jaxarc-jit": {
        "times": [
          0.00892933300929144,
          0.008595791005063802,
          0.008246208017226309
        ],
        "sps": [
          358369.4321479815,
          372275.22145604424,
          388057.1522468519
        ],
        "compile_time": 1.9434370000381023,
        "total_times": [
          1.9523663330473937,
          1.952032791043166,
          1.9516832080553286
        ]
      }
    },
    "64": {
      "jaxarc-jit": {
        "times": [
          0.019411625049542636,
          0.014119250001385808,
          0.013827542017679662
        ],
        "sps": [
          329699.3416916835,
          453281.8669101998,
          462844.37189321633
        ],
        "compile_time": 2.4289318340015598,
        "total_times": [
          2.4483434590511024,
          2.4430510840029456,
          2.4427593760192394
        ]
      }
    },
    "128": {
      "jaxarc-jit": {
        "times": [
          0.024092832987662405,
          0.02327054104534909,
          0.022587999992538244
        ],
        "sps": [
          531278.3269013942,
          550051.6715557089,
          566672.5696931279
        ],
        "compile_time": 1.9861928329919465,
        "total_times": [
          2.010285665979609,
          2.0094633740372956,
          2.0087808329844847
        ]
      }
    },
    "256": {
      "jaxarc-jit": {
        "times": [
          0.039373125007841736,
          0.03905137500260025,
          0.039585708000231534
        ],
        "sps": [
          650189.6914431198,
          655546.6996564247,
          646698.0456646188
        ],
        "compile_time": 2.0339820419903845,
        "total_times": [
          2.073355166998226,
          2.0730334169929847,
          2.073567749990616
        ]
      }
    },
    "512": {
      "jaxarc-jit": {
        "times": [
          0.07231979101197794,
          0.06932308396790177,
          0.07177791697904468
        ],
        "sps": [
          707966.6476292778,
          738570.7194403933,
          713311.3101477668
        ],
        "compile_time": 2.057678750017658,
        "total_times": [
          2.129998541029636,
          2.1270018339855596,
          2.1294566669967026
        ]
      }
    },
    "1024": {
      "jaxarc-jit": {
        "times": [
          0.13645600003656,
          0.13119754201034084,
          0.13117008400149643
        ],
        "sps": [
          750425.0452348336,
          780502.4273391414,
          780665.8109545144
        ],
        "compile_time": 1.9223715830012225,
        "total_times": [
          2.0588275830377825,
          2.0535691250115633,
          2.053541667002719
        ]
      }
    },
    "2048": {
      "jaxarc-jit": {
        "times": [
          0.2531965000089258,
          0.25045808299910277,
          0.24661166698206216
        ],
        "sps": [
          808857.9423206099,
          817701.6990133781,
          830455.4383264299
        ],
        "compile_time": 2.3002018749830313,
        "total_times": [
          2.553398374991957,
          2.550659957982134,
          2.5468135419650935
        ]
      }
    },
    "4096": {
      "jaxarc-jit": {
        "times": [
          0.34613220900064334,
          0.33993604098213837,
          0.33166537497891113
        ],
        "sps": [
          1183362.8577432928,
          1204932.5479481067,
          1234979.684044632
        ],
        "compile_time": 2.2083763330010697,
        "total_times": [
          2.554508542001713,
          2.548312373983208,
          2.540041707979981
        ]
      }
    },
    "8192": {
      "jaxarc-jit": {
        "times": [
          0.5839092500391416,
          0.5867293330375105,
          0.6758562499890104
        ],
        "sps": [
          1402957.7369173137,
          1396214.4959737803,
          1212092.0684144304
        ],
        "compile_time": 2.301409958046861,
        "total_times": [
          2.8853192080860026,
          2.8881392910843715,
          2.9772662080358714
        ]
      }
    },
    "16384": {
      "jaxarc-jit": {
        "times": [
          0.9662703329813667,
          0.9719901249627583,
          0.969772957963869
        ],
        "sps": [
          1695591.744956941,
          1685613.8328182863,
          1689467.608418343
        ],
        "compile_time": 2.2897817909833975,
        "total_times": [
          3.256052123964764,
          3.261771915946156,
          3.2595547489472665
        ]
      }
    },
    "32768": {
      "jaxarc-jit": {
        "times": [
          1.9260043340036646,
          1.8644847079995088,
          1.8702237090328708
        ],
        "sps": [
          1701346.1196052353,
          1757482.9044942015,
          1752089.8618564177
        ],
        "compile_time": 2.249417999992147,
        "total_times": [
          4.175422333995812,
          4.113902707991656,
          4.119641709025018
        ]
      }
    },