{
  "meta": {
    "system": {
      "python": "3.13.5",
      "platform": "darwin",
      "jax": "0.6.2",
      "numpy": "2.3.1",
      "gymnasium": "1.2.0",
      "devices": ["cpu:0"]
    },
    "runs": 3,
    "batch_powers": [
      0, 1, 2, 3, 4, 5, 6, 7, 8, 9, 10, 11, 12, 13, 14, 15, 16, 17, 18, 19, 20,
      21, 22, 23, 24
    ],
    "fixed_steps": 100,
    "modes": ["jaxarc-jit"],
    "num_devices": 1,
    "unroll": 1,
    "timestamp": "20250916-091636",
    "run_tag": "cpu",
    "task": {
      "task_id": "Most_Common_color_l6ab0lf3xztbyxsu3p",
      "task_idx": 12
    },
    "mode": "jaxarc-jit"
  },
  "throughput": {
    "1": {
      "times": [
        0.0017035000000760192, 0.0017087079995690146, 0.001939082999342645
      ],
      "sps": [58702.67096890958, 58523.75012303031, 51570.768262060104],
      "compile_time": 1.6653629169995838,
      "total_times": [
        1.6670664169996599, 1.6670716249991528, 1.6673019999989265
      ]
    },
    "2": {
      "times": [
        0.004074374999618158, 0.003795583999817609, 0.0034888340005636564
      ],
      "sps": [49087.28333026381, 52692.813545849785, 57325.74263140292],
      "compile_time": 1.8810632499998974,
      "total_times": [1.8851376249995155, 1.884858833999715, 1.884552084000461]
    },
    "4": {
      "times": [
        0.005249999999250576, 0.004397582999445149, 0.004139291999308625
      ],
      "sps": [76190.47620135218, 90959.05638403386, 96634.88346963948],
      "compile_time": 1.735037459000523,
      "total_times": [
        1.7402874589997737, 1.7394350419999682, 1.7391767509998317
      ]
    },
    "8": {
      "times": [0.008577499999773863, 0.009142416999566194, 0.0082641250000961],
      "sps": [93267.26902023796, 87504.2125116323, 96803.95686061103],
      "compile_time": 2.1030541669997547,
      "total_times": [2.1116316669995285, 2.112196583999321, 2.1113182919998508]
    },
    "16": {
      "times": [
        0.014679999999316351, 0.01440766599989729, 0.014143541999146692
      ],
      "sps": [108991.82561815478, 111051.99135039681, 113125.835105275],
      "compile_time": 1.8661717909999425,
      "total_times": [
        1.8808517909992588, 1.8805794569998397, 1.8803153329990892
      ]
    },
    "32": {
      "times": [0.01949258300010115, 0.01914299999953073, 0.01896491600018635],
      "sps": [164165.0057349195, 167162.9316240111, 168732.62185651425],
      "compile_time": 1.9521607079996102,
      "total_times": [1.9716532909997113, 1.971303707999141, 1.9711256239997965]
    },
    "64": {
      "times": [0.0341136249999181, 0.033415292000427144, 0.03333245900012116],
      "sps": [187608.3236541225, 191529.07596672175, 192005.03629140402],
      "compile_time": 2.222154624999348,
      "total_times": [2.256268249999266, 2.255569916999775, 2.255487083999469]
    },
    "128": {
      "times": [0.07429641699945932, 0.07578287500018632, 0.08304408300045907],
      "sps": [172282.87065435672, 168903.59464415317, 154135.0032118392],
      "compile_time": 2.060357500000464,
      "total_times": [2.1346539169999232, 2.1361403750006502, 2.143401583000923]
    },
    "256": {
      "times": [0.14339783300056297, 0.14494191700032388, 0.14390158300011535],
      "sps": [178524.3156352265, 176622.4742283683, 177899.3633445956],
      "compile_time": 2.437711874999877,
      "total_times": [2.58110970800044, 2.582653792000201, 2.5816134579999925]
    },
    "512": {
      "times": [0.2213454169996112, 0.2203956660005133, 0.22482200000013108],
      "sps": [231312.6727177276, 232309.46837167276, 227735.71981376444],
      "compile_time": 2.3125586249998378,
      "total_times": [2.533904041999449, 2.532954291000351, 2.537380624999969]
    },
    "1024": {
      "times": [0.3944776250000359, 0.3994668750001438, 0.3972985829996105],
      "sps": [259583.79768685406, 256341.65536244563, 257740.66251854814],
      "compile_time": 2.5102010839991635,
      "total_times": [2.9046787089991994, 2.9096679589993073, 2.907499666998774]
    },
    "2048": {
      "times": [0.7966927910001687, 0.7961148750000575, 0.7897598750005272],
      "sps": [257062.70009409016, 257249.30714299894, 259319.32791579628],
      "compile_time": 2.5938050839995412,
      "total_times": [3.39049787499971, 3.3899199589995987, 3.3835649590000685]
    },
    "4096": {
      "times": [1.2902767499999754, 1.2703519169999709, 1.2892589580005733],
      "sps": [317451.27547249675, 322430.33959227643, 317701.88406154],
      "compile_time": 2.4540377909997915,
      "total_times": [3.744314540999767, 3.7243897079997623, 3.743296749000365]
    },
    "8192": {
      "times": [1.7482824160006203, 1.7512054170001647, 1.7522503749996758],
      "sps": [468574.1802940546, 467792.0659949186, 467513.09726508206],
      "compile_time": 2.470342874999915,
      "total_times": [4.218625291000535, 4.2215482920000795, 4.222593249999591]
    },
    "16384": {
      "times": [2.66309850000016, 2.648984584000573, 2.658342416999403],
      "sps": [615223.2071025167, 618501.1456448875, 616323.9127972609],
      "compile_time": 2.326130541000566,
      "total_times": [4.989229041000726, 4.975115125001139, 4.984472957999969]
    },
    "32768": {
      "times": [4.51952483399964, 4.533414583000194, 4.705671625000832],
      "sps": [725031.9713588416, 722810.5746797655, 696351.1823882145],
      "compile_time": 2.2242099159993813,
      "total_times": [6.743734749999021, 6.757624498999576, 6.9298815410002135]
    },
    "65536": {
      "times": [8.280657500000416, 8.27107708299991, 8.37222041699988],
      "sps": [791434.7381231105, 792351.4596992509, 782779.1999709954],
      "compile_time": 2.447168374999819,
      "total_times": [10.727825875000235, 10.718245457999728, 10.8193887919997]
    },
    "131072": {
      "times": [15.531507790999967, 15.613067792000038, 15.625486416999593],
      "sps": [843910.3386726703, 839501.8951186507, 838834.6864991129],
      "compile_time": 2.8328190000001996,
      "total_times": [
        18.364326791000167, 18.445886792000238, 18.458305416999792
      ]
    },
    "262144": {
      "times": [31.27007441600017, 31.47249791700051, 31.563013459000103],
      "sps": [838322.2774355375, 832930.391134914, 830541.7362652057],
      "compile_time": 2.4678987500001313,
      "total_times": [33.7379731660003, 33.94039666700064, 34.030912209000235]
    },
    "524288": {
      "times": [58.11729062499944, 58.10304591699969, 57.51683016700008],
      "sps": [902120.5124357172, 902341.6788664511, 911538.4114140681],
      "compile_time": 2.5672867499997665,
      "total_times": [60.68457737499921, 60.67033266699946, 60.08411691699985]
    },
    "1048576": {
      "times": [127.55549962499936, 143.10349683300046, 126.55629191700064],
      "sps": [822054.7158552242, 732739.6067921888, 828545.1352254278],
      "compile_time": 2.6158535000013217,
      "total_times": [
        130.17135312500068, 145.71935033300178, 129.17214541700196
      ]
    },
    "2097152": {
      "times": [472.6314918749995, 488.2594628749994, 374.9946005420006],
      "sps": [443718.21092163917, 429515.8946129627, 559248.585704666],
      "compile_time": 3.280783792000875,
      "total_times": [475.91227566700036, 491.54024666700025, 378.2753843340015]
    },
    "4194304": {
      "times": [1456.1635311249993, 1311.3132317920008, 1334.8140887499994],
      "sps": [288037.9785888179, 319855.23354082165, 314223.8335173552],
      "compile_time": 3.1159807500007446,
      "total_times": [1459.279511875, 1314.4292125420016, 1337.9300695000002]
    }
  }
}
