{
  "meta": {
    "system": {
      "python": "3.13.5",
      "platform": "linux",
      "jax": "0.6.2",
      "numpy": "2.3.1",
      "gymnasium": "1.2.0",
      "matplotlib": "unknown",
      "devices": [
        "gpu:0"
      ]
    },
    "runs": 3,
    "timestep_powers": [
      1,
      2,
      3,
      4,
      5
    ],
    "batch_powers": [
      0,
      1,
      2,
      3,
      4,
      5,
      6,
      7,
      8,
      9,
      10
    ],
    "fixed_steps": 1000,
    "task": {
      "task_id": "Most_Common_color_l6ab0lf3xztbyxsu3p",
      "task_idx": 12
    }
  },
  "speed": {
    "10": {
      "JaxARC": {
        "times": [
          0.014759696088731289,
          0.006642757914960384,
          0.006357511971145868
        ],
        "sps": [
          677.5207253511667,
          1505.3988310305053,
          1572.9423783055206
        ],
        "compile_time": 21.867537900805473,
        "total_times": [
          21.882297596894205,
          21.874180658720434,
          21.87389541277662
        ]
      },
      "ARCLE": {
        "times": [
          0.0017685932107269764,
          0.000643701059743762,
          0.0006068309303373098
        ],
        "sps": [
          5654.211459903502,
          15535.161622975576,
          16479.05454397562
        ],
        "compile_time": 0.0,
        "total_times": [
          0.0017685932107269764,
          0.000643701059743762,
          0.0006068309303373098
        ]
      }
    },
    "100": {
      "JaxARC": {
        "times": [
          0.058846314903348684,
          0.04695832496508956,
          0.04680005693808198
        ],
        "sps": [
          1699.3417542669174,
          2129.547850659994,
          2136.749537127771
        ],
        "compile_time": 34.28385952208191,
        "total_times": [
          34.34270583698526,
          34.330817847047,
          34.33065957901999
        ]
      },
      "ARCLE": {
        "times": [
          0.0027704830281436443,
          0.0018233249429613352,
          0.0018796660006046295
        ],
        "sps": [
          36094.788881274886,
          54844.8593247378,
          53200.94100113166
        ],
        "compile_time": 0.0,
        "total_times": [
          0.0027704830281436443,
          0.0018233249429613352,
          0.0018796660006046295
        ]
      }
    },
    "1000": {
      "JaxARC": {
        "times": [
          0.4759170631878078,
          0.46556429914198816,
          0.46536857611499727
        ],
        "sps": [
          2101.206444042493,
          2147.9310201468415,
          2148.8343891807813
        ],
        "compile_time": 35.05150862294249,
        "total_times": [
          35.5274256861303,
          35.51707292208448,
          35.51687719905749
        ]
      },
      "ARCLE": {
        "times": [
          0.01774188200943172,
          0.018127513118088245,
          0.01826897100545466
        ],
        "sps": [
          56363.80624492894,
          55164.76493414677,
          54737.620400263644
        ],
        "compile_time": 0.0,
        "total_times": [
          0.01774188200943172,
          0.018127513118088245,
          0.01826897100545466
        ]
      }
    },
    "10000": {
      "JaxARC": {
        "times": [
          4.632041562115774,
          4.622696223901585,
          4.621112491004169
        ],
        "sps": [
          2158.8752747357275,
          2163.239701604259,
          2163.981080198071
        ],
        "compile_time": 30.723441160051152,
        "total_times": [
          35.355482722166926,
          35.34613738395274,
          35.34455365105532
        ]
      },
      "ARCLE": {
        "times": [
          0.16999803902581334,
          0.1707614460028708,
          0.16851495183072984
        ],
        "sps": [
          58824.20795737267,
          58561.22815821016,
          59341.915309953125
        ],
        "compile_time": 0.0,
        "total_times": [
          0.16999803902581334,
          0.1707614460028708,
          0.16851495183072984
        ]
      }
    },
    "100000": {
      "JaxARC": {
        "times": [
          46.267437564907596,
          46.241082353983074,
          46.239586665062234
        ],
        "sps": [
          2161.347272792277,
          2162.5791376266584,
          2162.6490894988497
        ],
        "compile_time": 33.387475640978664,
        "total_times": [
          79.65491320588626,
          79.62855799496174,
          79.6270623060409
        ]
      },
      "ARCLE": {
        "times": [
          1.6814831288065761,
          1.6776262160856277,
          1.6825281099881977
        ],
        "sps": [
          59471.30737551585,
          59608.033685434435,
          59434.37105529337
        ],
        "compile_time": 0.0,
        "total_times": [
          1.6814831288065761,
          1.6776262160856277,
          1.6825281099881977
        ]
      }
    }
  },
  "throughput": {
    "1": {
      "JaxARC": {
        "times": [
          0.475972784915939,
          0.4655845230445266,
          0.46580259990878403
        ],
        "sps": [
          2100.960457595509,
          2147.837719047985,
          2146.8321563594222
        ],
        "compile_time": 34.48882189090364,
        "total_times": [
          34.964794675819576,
          34.95440641394816,
          34.95462449081242
        ]
      },
      "ARCLE": {
        "times": [
          0.017931474139913917,
          0.017288133967667818,
          0.017151223961263895
        ],
        "sps": [
          55767.863377952075,
          57843.14269372247,
          58304.876798210076
        ],
        "compile_time": 0.0,
        "total_times": [
          0.017931474139913917,
          0.017288133967667818,
          0.017151223961263895
        ]
      }
    },
    "2": {
      "JaxARC": {
        "times": [
          0.4790266160853207,
          0.4677702598273754,
          0.4677728991955519
        ],
        "sps": [
          4175.133349257935,
          4275.6031577083895,
          4275.579032986908
        ],
        "compile_time": 33.14109628996812,
        "total_times": [
          33.62012290605344,
          33.60886654979549,
          33.60886918916367
        ]
      },
      "ARCLE": {
        "times": [
          0.10622620093636215,
          0.10599401500076056,
          0.1061974240001291
        ],
        "sps": [
          18827.746661091245,
          18868.98991405929,
          18832.84852556846
        ],
        "compile_time": 0.0,
        "total_times": [
          0.10622620093636215,
          0.10599401500076056,
          0.1061974240001291
        ]
      }
    },
    "4": {
      "JaxARC": {
        "times": [
          0.4787189119961113,
          0.4680803851224482,
          0.46781240799464285
        ],
        "sps": [
          8355.633963407096,
          8545.540738592612,
          8550.435883363329
        ],
        "compile_time": 33.9571981029585,
        "total_times": [
          34.43591701495461,
          34.42527848808095,
          34.42501051095314
        ]
      },
      "ARCLE": {
        "times": [
          0.14700292190536857,
          0.14761636895127594,
          0.1480351840145886
        ],
        "sps": [
          27210.343496267058,
          27097.265895493532,
          27020.60342361453
        ],
        "compile_time": 0.0,
        "total_times": [
          0.14700292190536857,
          0.14761636895127594,
          0.1480351840145886
        ]
      }
    },
    "8": {
      "JaxARC": {
        "times": [
          0.49260183493606746,
          0.48100644000805914,
          0.4809680699836463
        ],
        "sps": [
          16240.296792719588,
          16631.793952417687,
          16633.12078132757
        ],
        "compile_time": 34.219267826061696,
        "total_times": [
          34.71186966099776,
          34.700274266069755,
          34.70023589604534
        ]
      },