{
  "meta": {
    "system": {
      "python": "3.13.5",
      "platform": "linux",
      "jax": "0.6.2",
      "numpy": "2.3.1",
      "gymnasium": "1.2.0",
      "devices": ["gpu:0"]
    },
    "runs": 5,
    "batch_powers": [
      0, 1, 2, 3, 4, 5, 6, 7, 8, 9, 10, 11, 12, 13, 14, 15, 16, 17, 18, 19, 20
    ],
    "fixed_steps": 100,
    "modes": ["arcle-sync"],
    "num_devices": 1,
    "unroll": 1,
    "timestamp": "20250915-173210",
    "run_tag": "rtx",
    "task": {
      "task_id": "Most_Common_color_l6ab0lf3xztbyxsu3p",
      "task_idx": 12
    },
    "mode": "arcle-sync"
  },
  "throughput": {
    "1": {
      "times": [
        0.009157750995655078, 0.0015261549997376278, 0.0015140440009417944,
        0.0014921230031177402, 0.001441574000637047
      ],
      "sps": [
        10919.711624332796, 65524.14402022843, 66048.27860867722,
        67018.60355416639, 69368.62065756522
      ],
      "compile_time": 0.0,
      "total_times": [
        0.009157750995655078, 0.0015261549997376278, 0.0015140440009417944,
        0.0014921230031177402, 0.001441574000637047
      ]
    },
    "2": {
      "times": [
        0.0088954270031536, 0.008295362997159828, 0.008307390002300963,
        0.008241791001637466, 0.008233822001784574
      ],
      "sps": [
        22483.46256217899, 24109.855116463998, 24074.950128091306,
        24266.570210317674, 24290.05630151497
      ],
      "compile_time": 0.0,
      "total_times": [
        0.0088954270031536, 0.008295362997159828, 0.008307390002300963,
        0.008241791001637466, 0.008233822001784574
      ]
    },
    "4": {
      "times": [
        0.012517731003754307, 0.011698392001562752, 0.011571012997592334,
        0.011248025999520905, 0.0112037560029421
      ],
      "sps": [
        31954.67292595059, 34192.73349248044, 34569.14274344268,
        35561.79546678124, 35702.31267933363
      ],
      "compile_time": 0.0,
      "total_times": [
        0.012517731003754307, 0.011698392001562752, 0.011571012997592334,
        0.011248025999520905, 0.0112037560029421
      ]
    },
    "8": {
      "times": [
        0.018441234999045264, 0.017218593995494302, 0.01717388200631831,
        0.0171910389981349, 0.017023723004967906
      ],
      "sps": [
        43381.04254088283, 46461.400983688975, 46582.36266591783,
        46535.87256051214, 46993.24582328683
      ],
      "compile_time": 0.0,
      "total_times": [
        0.018441234999045264, 0.017218593995494302, 0.01717388200631831,
        0.0171910389981349, 0.017023723004967906
      ]
    },
    "16": {
      "times": [
        0.030407919999561273, 0.02888924000581028, 0.028603482998732943,
        0.02851005100092152, 0.02869972299959045
      ],
      "sps": [
        52617.870608153564, 55383.94224556284, 55937.243729054804,
        56120.55902489559, 55749.66699235502
      ],
      "compile_time": 0.0,
      "total_times": [
        0.030407919999561273, 0.02888924000581028, 0.028603482998732943,
        0.02851005100092152, 0.02869972299959045
      ]
    },
    "32": {
      "times": [
        0.05562590399495093, 0.0518185939945397, 0.05186717199831037,
        0.05258671900082845, 0.05320616200333461
      ],
      "sps": [
        57527.154979637875, 61753.894757105816, 61696.05699929511,
        60851.86641801302, 60143.40970129447
      ],
      "compile_time": 0.0,
      "total_times": [
        0.05562590399495093, 0.0518185939945397, 0.05186717199831037,
        0.05258671900082845, 0.05320616200333461
      ]
    },
    "64": {
      "times": [
        0.10956946600344963, 0.10144500299793435, 0.10173519000090891,
        0.1008965899964096, 0.1007991559963557
      ],
      "sps": [
        58410.43343040939, 63088.371145598154, 62908.41939689523,
        63431.28147569451, 63492.59511886574
      ],
      "compile_time": 0.0,
      "total_times": [
        0.10956946600344963, 0.10144500299793435, 0.10173519000090891,
        0.1008965899964096, 0.1007991559963557
      ]
    },
    "128": {
      "times": [
        0.21318655199866043, 0.19378587399842218, 0.1966932409995934,
        0.1903572540031746, 0.18508963500062237
      ],
      "sps": [
        60041.31067366965, 66052.28614395401, 65075.952457494255,
        67241.98700505805, 69155.68232633319
      ],
      "compile_time": 0.0,
      "total_times": [
        0.21318655199866043, 0.19378587399842218, 0.1966932409995934,
        0.1903572540031746, 0.18508963500062237
      ]
    },
    "256": {
      "times": [
        0.40191003399377223, 0.37213417099701473, 0.3740411649996531,
        0.37379332300042734, 0.3685215879959287
      ],
      "sps": [
        63695.84691781217, 68792.39262391027, 68441.66470293114,
        68487.04464410867, 69466.75807845162
      ],
      "compile_time": 0.0,
      "total_times": [
        0.40191003399377223, 0.37213417099701473, 0.3740411649996531,
        0.37379332300042734, 0.3685215879959287
      ]
    },
    "512": {
      "times": [
        0.8046903449940146, 0.7397555589996045, 0.7461624870047672,
        0.7406701290019555, 0.7369940470016445
      ],
      "sps": [
        63626.95951121525, 69212.05170697118, 68617.76207153776,
        69126.58955072403, 69471.38882369528
      ],
      "compile_time": 0.0,
      "total_times": [
        0.8046903449940146, 0.7397555589996045, 0.7461624870047672,
        0.7406701290019555, 0.7369940470016445
      ]
    },
    "1024": {
      "times": [
        1.6538838569977088, 1.5103814379981486, 1.5782423069977085,
        1.5707462889986346, 1.5656528390027233
      ],
      "sps": [
        61914.86758077829, 67797.44336352572, 64882.30580689197,
        65191.94138302307, 65404.026645668084
      ],
      "compile_time": 0.0,
      "total_times": [
        1.6538838569977088, 1.5103814379981486, 1.5782423069977085,
        1.5707462889986346, 1.5656528390027233
      ]
    },
    "2048": {
      "times": [
        3.383491590000631, 3.1731264390036813, 3.307242540999141,
        3.1393268599931616, 3.261534549994394
      ],
      "sps": [
        60529.188429270434, 64542.02312351109, 61924.69934126104,
        65236.91515207375, 62792.528136901696
      ],
      "compile_time": 0.0,
      "total_times": [
        3.383491590000631, 3.1731264390036813, 3.307242540999141,
        3.1393268599931616, 3.261534549994394
      ]
    },
    "4096": {
      "times": [
        7.090053556996281, 7.098452716003521, 7.3561400519974995,
        7.022177920000104, 6.942027208002401
      ],
      "sps": [
        57771.0727721961, 57702.71584348986, 55681.37598043372,
        58329.48191662935, 59002.93786342912
      ],
      "compile_time": 0.0,
      "total_times": [
        7.090053556996281, 7.098452716003521, 7.3561400519974995,
        7.022177920000104, 6.942027208002401
      ]
    },
    "8192": {
      "times": [
        14.89067075800267, 14.589220183996076, 14.663606501999311,
        14.647900797994225, 14.905273763004516
      ],
      "sps": [
        55014.31153191931, 56151.0478057379, 55866.20180296751,
        55926.10240179775, 54960.412873011905
      ],
      "compile_time": 0.0,
      "total_times": [
        14.89067075800267, 14.589220183996076, 14.663606501999311,
        14.647900797994225, 14.905273763004516
      ]
    },
    "16384": {
      "times": [
        30.149736997998843, 29.542217999995046, 30.171447419001197,
        30.558234105999873, 30.966405115999805
      ],
      "sps": [
        54342.09923982909, 55459.613763606874, 54302.996380882214,
        53615.66359877821, 52908.9506470826
      ],
      "compile_time": 0.0,
      "total_times": [
        30.149736997998843, 29.542217999995046, 30.171447419001197,
        30.558234105999873, 30.966405115999805
      ]
    },
    "32768": {
      "times": [
        65.20601464100037, 63.893861980999645, 65.2698195539997,
        66.72911902300257, 66.65109689999372
      ],