{
  "meta": {
    "system": {
      "python": "3.13.5",
      "platform": "darwin",
      "jax": "0.6.2",
      "numpy": "2.3.1",
      "gymnasium": "1.2.0",
      "devices": [
        "cpu:0"
      ]
    },
    "runs": 3,
    "batch_powers": [
      0,
      1,
      2,
      3,
      4,
      5,
      6,
      7,
      8,
      9,
      10,
      11,
      12,
      13,
      14,
      15,
      16
    ],
    "fixed_steps": 100,
    "modes": [
      "arcle-sync"
    ],
    "num_devices": 1,
    "unroll": 1,
    "timestamp": "20250915-173558",
    "run_tag": "cpu",
    "task": {
      "task_id": "Most_Common_color_l6ab0lf3xztbyxsu3p",
      "task_idx": 12
    },
    "mode": "arcle-sync"
  },
  "throughput": {
    "1": {
      "times": [
        0.003146709001157433,
        0.0016397500003222376,
        0.001674874991294928
      ],
      "sps": [
        31779.23346684351,
        60984.90622372214,
        59705.94851540837
      ],
      "compile_time": 0.0,
      "total_times": [
        0.003146709001157433,
        0.0016397500003222376,
        0.001674874991294928
      ]
    },
    "2": {
      "times": [
        0.01206962499418296,
        0.006967207998968661,
        0.006531499995617196
      ],
      "sps": [
        16570.52311868773,
        28705.903430700724,
        30620.837500452442
      ],
      "compile_time": 0.0,
      "total_times": [
        0.01206962499418296,
        0.006967207998968661,
        0.006531499995617196
      ]
    },
    "4": {
      "times": [
        0.010782916986499913,
        0.010069999989354983,
        0.010092958007589914
      ],
      "sps": [
        37095.71357182805,
        39721.94641736254,
        39631.59261132362
      ],
      "compile_time": 0.0,
      "total_times": [
        0.010782916986499913,
        0.010069999989354983,
        0.010092958007589914
      ]
    },
    "8": {
      "times": [
        0.01680983300320804,
        0.016534750000573695,
        0.016266999999061227
      ],
      "sps": [
        47591.19259824446,
        48382.95105594236,
        49179.32009873783
      ],
      "compile_time": 0.0,
      "total_times": [
        0.01680983300320804,
        0.016534750000573695,
        0.016266999999061227
      ]
    },
    "16": {
      "times": [
        0.029608915996504948,
        0.027219707990298048,
        0.02703250000195112
      ],
      "sps": [
        54037.777005712225,
        58780.939184589704,
        59188.01442280651
      ],
      "compile_time": 0.0,
      "total_times": [
        0.029608915996504948,
        0.027219707990298048,
        0.02703250000195112
      ]
    },
    "32": {
      "times": [
        0.05482308300270233,
        0.05107391699857544,
        0.05084833299042657
      ],
      "sps": [
        58369.573995724866,
        62654.28986167743,
        62932.249924544776
      ],
      "compile_time": 0.0,
      "total_times": [
        0.05482308300270233,
        0.05107391699857544,
        0.05084833299042657
      ]
    },
    "64": {
      "times": [
        0.11033812499954365,
        0.09964979099459015,
        0.09885241700976621
      ],
      "sps": [
        58003.52326112547,
        64224.92145866565,
        64742.97941918513
      ],
      "compile_time": 0.0,
      "total_times": [
        0.11033812499954365,
        0.09964979099459015,
        0.09885241700976621
      ]
    },
    "128": {
      "times": [
        0.20360199999413453,
        0.1969371669983957,
        0.19048720799037255
      ],
      "sps": [
        62867.751792068586,
        64995.34950710585,
        67196.113245814
      ],
      "compile_time": 0.0,
      "total_times": [
        0.20360199999413453,
        0.1969371669983957,
        0.19048720799037255
      ]
    },
    "256": {
      "times": [
        0.40504529200552497,
        0.38351720799983013,
        0.37836724999942817
      ],
      "sps": [
        63202.808439632,
        66750.59023690884,
        67659.13276066755
      ],
      "compile_time": 0.0,
      "total_times": [
        0.40504529200552497,
        0.38351720799983013,
        0.37836724999942817
      ]
    },
    "512": {
      "times": [
        0.866674040997168,
        0.8175286660116399,
        0.7818295000033686
      ],
      "sps": [
        59076.42040494357,
        62627.77334742538,
        65487.42404805574
      ],
      "compile_time": 0.0,
      "total_times": [
        0.866674040997168,
        0.8175286660116399,
        0.7818295000033686
      ]
    },
    "1024": {
      "times": [
        1.7255335840018233,
        1.594407249998767,
        1.5779852499981644
      ],
      "sps": [
        59343.96232527445,
        64224.4947143079,
        64892.875266178264
      ],
      "compile_time": 0.0,
      "total_times": [
        1.7255335840018233,
        1.594407249998767,
        1.5779852499981644
      ]
    },
    "2048": {
      "times": [
        3.4332085409987485,
        3.135664542001905,
        3.1817410420044325
      ],
      "sps": [
        59652.65364871253,
        65313.10899387515,
        64367.27480215679
      ],
      "compile_time": 0.0,
      "total_times": [
        3.4332085409987485,
        3.135664542001905,
        3.1817410420044325
      ]
    },
    "4096": {
      "times": [
        7.395919791990309,
        7.3876483339990955,
        7.4492576670018025
      ],
      "sps": [
        55381.887786775595,
        55443.895199363746,
        54985.344622245684
      ],
      "compile_time": 0.0,
      "total_times": [
        7.395919791990309,
        7.3876483339990955,
        7.4492576670018025
      ]
    },
    "8192": {
      "times": [
        16.092228625013377,
        14.69624770799419,
        14.77338308400067
      ],
      "sps": [
        50906.55987366816,
        55742.11977621927,
        55451.07680089743
      ],
      "compile_time": 0.0,
      "total_times": [
        16.092228625013377,
        14.69624770799419,
        14.77338308400067
      ]
    },
    "16384": {
      "times": [
        36.78450862500176,
        32.40003820799757,
        32.74064800000633
      ],
      "sps": [
        44540.488951547646,
        50567.841601976266,
        50041.77070654445
      ],
      "compile_time": 0.0,
      "total_times": [
        36.78450862500176,
        32.40003820799757,
        32.74064800000633
      ]
    },
    "32768": {
      "times": [
        88.7283125410031,
        83.97006037499523,
        83.91719279199606
      ],
      "sps": [
        36930.714742103606,
        39023.432701684374,
        39048.01734874689
      ],
      "compile_time": 0.0,
      "total_times": [
        88.7283125410031,
        83.97006037499523,
        83.91719279199606
      ]
    },
    "65536": {
      "times": [
        360.9792711659975,
        300.968957709003,
        298.2912769169925
      ],
      "sps": [
        18155.05909475424,
        21775.00314280405,
        21970.471506023
      ],
      "compile_time": 0.0,
      "total_times": [
        360.9792711659975,
        300.968957709003,
        298.2912769169925
      ]
    }
  }
}