{
  "meta": {
    "system": {
      "python": "3.13.5",
      "platform": "linux",
      "jax": "0.6.2",
      "numpy": "2.3.1",
      "gymnasium": "1.2.0",
      "devices": ["gpu:0"]
    },
    "runs": 5,
    "batch_powers": [0, 1, 2, 3, 4, 5, 6, 7, 8, 9, 10, 11, 12, 13, 14, 15, 16],
    "fixed_steps": 100,
    "modes": ["arcle-async"],
    "num_devices": 1,
    "unroll": 1,
    "timestamp": "20250915-194327",
    "run_tag": "rtx",
    "task": {
      "task_id": "Most_Common_color_l6ab0lf3xztbyxsu3p",
      "task_idx": 12
    },
    "mode": "arcle-async"
  },
  "throughput": {
    "1": {
      "times": [
        0.0029303300034371205, 0.0017109440013882704, 0.0016134149991557933,
        0.0016460059996461496, 0.0015379190008388832
      ],
      "sps": [
        34125.84926704683, 58447.26649081407, 61980.3336725667,
        60753.119989536804, 65022.9303009153
      ],
      "compile_time": 0.0,
      "total_times": [
        0.0029303300034371205, 0.0017109440013882704, 0.0016134149991557933,
        0.0016460059996461496, 0.0015379190008388832
      ]
    },
    "2": {
      "times": [
        0.015669404005166143, 0.01307540600100765, 0.01327134799794294,
        0.012865721000707708, 0.013059433003945742
      ],
      "sps": [
        12763.727320711161, 15295.892149321184, 15070.059200542404,
        15545.18398067225, 15314.600560343817
      ],
      "compile_time": 0.0,
      "total_times": [
        0.015669404005166143, 0.01307540600100765, 0.01327134799794294,
        0.012865721000707708, 0.013059433003945742
      ]
    },
    "4": {
      "times": [
        0.01968633999786107, 0.01725921600154834, 0.015169229998718947,
        0.01537141999870073, 0.020076035005331505
      ],
      "sps": [
        20318.65750786892, 23176.02375241817, 26369.169696403857,
        26022.319345500287, 19924.25296597529
      ],
      "compile_time": 0.0,
      "total_times": [
        0.01968633999786107, 0.01725921600154834, 0.015169229998718947,
        0.01537141999870073, 0.020076035005331505
      ]
    },
    "8": {
      "times": [
        0.056750181000097655, 0.0718001799978083, 0.045916502000181936,
        0.04184582699963357, 0.038126717998238746
      ],
      "sps": [
        14096.871338588742, 11142.033349003024, 17422.929995774288,
        19117.796381632157, 20982.661031483374
      ],
      "compile_time": 0.0,
      "total_times": [
        0.056750181000097655, 0.0718001799978083, 0.045916502000181936,
        0.04184582699963357, 0.038126717998238746
      ]
    },
    "16": {
      "times": [
        0.06424227800016524, 0.06971597799565643, 0.06245919300272362,
        0.06848928499675822, 0.07184393100033049
      ],
      "sps": [
        24905.71707304471, 22950.262565343142, 25616.725466341355,
        23361.31849055998, 22270.49630667676
      ],
      "compile_time": 0.0,
      "total_times": [
        0.06424227800016524, 0.06971597799565643, 0.06245919300272362,
        0.06848928499675822, 0.07184393100033049
      ]
    },
    "32": {
      "times": [
        0.07747811100125546, 0.07958302699989872, 0.07541210199997295,
        0.08550795799965272, 0.074297391998698
      ],
      "sps": [
        41301.987860134424, 40209.57885912121, 42433.50755560624,
        37423.41736207753, 43070.15244971287
      ],
      "compile_time": 0.0,
      "total_times": [
        0.07747811100125546, 0.07958302699989872, 0.07541210199997295,
        0.08550795799965272, 0.074297391998698
      ]
    },
    "64": {
      "times": [
        0.17311482399964007, 0.15613616399787134, 0.13808578099997249,
        0.13345438500255113, 0.1493166750005912
      ],
      "sps": [
        36969.68204186435, 40989.86318177545, 46348.00160924082,
        47956.46092766196, 42861.92416201781
      ],
      "compile_time": 0.0,
      "total_times": [
        0.17311482399964007, 0.15613616399787134, 0.13808578099997249,
        0.13345438500255113, 0.1493166750005912
      ]
    },
    "128": {
      "times": [
        0.3100656450042152, 0.31424673199944664, 0.31429643199953716,
        0.3233182360054343, 0.3391067600023234
      ],
      "sps": [
        41281.58087241813, 40732.32494275403, 40725.88390064463,
        39589.4774082117, 37746.22481696413
      ],
      "compile_time": 0.0,
      "total_times": [
        0.3100656450042152, 0.31424673199944664, 0.31429643199953716,
        0.3233182360054343, 0.3391067600023234
      ]
    },
    "256": {
      "times": [
        0.8789917319954839, 0.7108474499982549, 0.8092104009992909,
        0.7125395170005504, 0.6625282509994577
      ],
      "sps": [
        29124.27849791371, 36013.35279469997, 31635.77725692435,
        35927.83191557392, 38639.86171364179
      ],
      "compile_time": 0.0,
      "total_times": [
        0.8789917319954839, 0.7108474499982549, 0.8092104009992909,
        0.7125395170005504, 0.6625282509994577
      ]
    },
    "512": {
      "times": [
        1.6457637749990681, 1.5823436670034425, 1.362000387001899,
        1.3097348780065659, 1.3012191279995022
      ],
      "sps": [
        31110.17557791913, 32357.066968239465, 37591.766117411986,
        39091.8810056636, 39347.71546028148
      ],
      "compile_time": 0.0,
      "total_times": [
        1.6457637749990681, 1.5823436670034425, 1.362000387001899,
        1.3097348780065659, 1.3012191279995022
      ]
    },
    "1024": {
      "times": [
        2.910064121999312, 2.6526463879999937, 2.665529133999371,
        2.5964966979954625, 2.5926482630020473
      ],
      "sps": [
        35188.22806201526, 38602.95909143252, 38416.38746088609,
        39437.754755881055, 39496.29475825242
      ],
      "compile_time": 0.0,
      "total_times": [
        2.910064121999312, 2.6526463879999937, 2.665529133999371,
        2.5964966979954625, 2.5926482630020473
      ]
    },
    "2048": {
      "times": [
        5.8876965699964785, 5.851835036999546, 5.961109673000465,
        5.851503780002531, 6.04026541300118
      ],
      "sps": [
        34784.40126205799, 34997.56891728933, 34356.01947194439,
        34999.550149809766, 33905.79486113055
      ],
      "compile_time": 0.0,
      "total_times": [
        5.8876965699964785, 5.851835036999546, 5.961109673000465,
        5.851503780002531, 6.04026541300118
      ]
    },
    "4096": {
      "times": [
        26.746803333997377, 31.932150934000674, 54.070662840000296,
        28.28468750799948, 43.040714130002016
      ],
      "sps": [
        15313.979576743097, 12827.197292364875, 7575.272402560356,
        14481.33375644178, 9516.570723311575
      ],
      "compile_time": 0.0,
      "total_times": [
        26.746803333997377, 31.932150934000674, 54.070662840000296,
        28.28468750799948, 43.040714130002016
      ]
    }
  }
}
