{
  "meta": {
    "system": {
      "python": "3.13.5",
      "platform": "darwin",
      "jax": "0.6.2",
      "numpy": "2.3.1",
      "gymnasium": "1.2.0",
      "devices": [
        "cpu:0"
      ]
    },
    "runs": 3,
    "batch_powers": [
      0,
      1,
      2,
      3,
      4,
      5,
      6,
      7,
      8,
      9,
      10,
      11,
      12,
      13,
      14,
      15,
      16
    ],
    "fixed_steps": 100,
    "modes": [
      "arcle-sync"
    ],
    "num_devices": 1,
    "unroll": 1,
    "timestamp": "20250911-174928",
    "run_tag": "cpu",
    "task": {
      "task_id": "Most_Common_color_l6ab0lf3xztbyxsu3p",
      "task_idx": 12
    },
    "mode": "arcle-sync"
  },
  "throughput": {
    "1": {
      "arcle-sync": {
        "times": [
          0.002504417032469064,
          0.0015649590059183538,
          0.0015178329776972532
        ],
        "sps": [
          39929.45212539608,
          63899.437379394934,
          65883.40184287785
        ],
        "compile_time": 0.0,
        "total_times": [
          0.002504417032469064,
          0.0015649590059183538,
          0.0015178329776972532
        ]
      }
    },
    "2": {
      "arcle-sync": {
        "times": [
          0.007455624989233911,
          0.007507542031817138,
          0.006921500025782734
        ],
        "sps": [
          26825.383557891455,
          26639.877492845906,
          28895.470527341728
        ],
        "compile_time": 0.0,
        "total_times": [
          0.007455624989233911,
          0.007507542031817138,
          0.006921500025782734
        ]
      }
    },
    "4": {
      "arcle-sync": {
        "times": [
          0.011282082996331155,
          0.010239582974463701,
          0.01033312501385808
        ],
        "sps": [
          35454.44579073535,
          39064.09089096229,
          38710.457820218704
        ],
        "compile_time": 0.0,
        "total_times": [
          0.011282082996331155,
          0.010239582974463701,
          0.01033312501385808
        ]
      }
    },
    "8": {
      "arcle-sync": {
        "times": [
          0.017310374998487532,
          0.016134791017975658,
          0.015988332976121455
        ],
        "sps": [
          46215.05889213254,
          49582.29698226185,
          50036.48605485002
        ],
        "compile_time": 0.0,
        "total_times": [
          0.017310374998487532,
          0.016134791017975658,
          0.015988332976121455
        ]
      }
    },
    "16": {
      "arcle-sync": {
        "times": [
          0.029954209050629288,
          0.030119917006231844,
          0.030208292009774595
        ],
        "sps": [
          53414.86391096635,
          53120.99630516771,
          52965.58969577899
        ],
        "compile_time": 0.0,
        "total_times": [
          0.029954209050629288,
          0.030119917006231844,
          0.030208292009774595
        ]
      }
    },
    "32": {
      "arcle-sync": {
        "times": [
          0.05681358301080763,
          0.051035833021160215,
          0.05103091703495011
        ],
        "sps": [
          56324.55885402026,
          62701.04376807629,
          62707.083978294584
        ],
        "compile_time": 0.0,
        "total_times": [
          0.05681358301080763,
          0.051035833021160215,
          0.05103091703495011
        ]
      }
    },
    "64": {
      "arcle-sync": {
        "times": [
          0.1064033749862574,
          0.09921691700583324,
          0.1008670839946717
        ],
        "sps": [
          60148.46804273451,
          64505.12869316153,
          63449.83662200525
        ],
        "compile_time": 0.0,
        "total_times": [
          0.1064033749862574,
          0.09921691700583324,
          0.1008670839946717
        ]
      }
    },
    "128": {
      "arcle-sync": {
        "times": [
          0.22156783298123628,
          0.20818424999015406,
          0.20803058397723362
        ],
        "sps": [
          57770.11864842304,
          61483.9979518401,
          61529.41435477007
        ],
        "compile_time": 0.0,
        "total_times": [
          0.22156783298123628,
          0.20818424999015406,
          0.20803058397723362
        ]
      }
    },
    "256": {
      "arcle-sync": {
        "times": [
          0.4493588750483468,
          0.3895484160166234,
          0.40686333301709965
        ],
        "sps": [
          56970.05538667881,
          65717.11999698533,
          62920.39100737565
        ],
        "compile_time": 0.0,
        "total_times": [
          0.4493588750483468,
          0.3895484160166234,
          0.40686333301709965
        ]
      }
    },
    "512": {
      "arcle-sync": {
        "times": [
          0.926008082984481,
          0.8991682080086321,
          0.8489053749945015
        ],
        "sps": [
          55291.09404205715,
          56941.514995722,
          60312.964799323636
        ],
        "compile_time": 0.0,
        "total_times": [
          0.926008082984481,
          0.8991682080086321,
          0.8489053749945015
        ]
      }
    },
    "1024": {
      "arcle-sync": {
        "times": [
          2.163286084018182,
          2.3557030000374652,
          1.9159810839919373
        ],
        "sps": [
          47335.3944059945,
          43468.97720059423,
          53445.20405527705
        ],
        "compile_time": 0.0,
        "total_times": [
          2.163286084018182,
          2.3557030000374652,
          1.9159810839919373
        ]
      }
    },
    "2048": {
      "arcle-sync": {
        "times": [
          5.139224666985683,
          4.866650125011802,
          4.252453375025652
        ],
        "sps": [
          39850.36912583969,
          42082.33481742297,
          48160.433975073174
        ],
        "compile_time": 0.0,
        "total_times": [
          5.139224666985683,
          4.866650125011802,
          4.252453375025652
        ]
      }
    },
    "4096": {
      "arcle-sync": {
        "times": [
          13.281748541048728,
          12.233721124997828,
          12.568436582980212
        ],
        "sps": [
          30839.312966518333,
          33481.2274871169,
          32589.57447059626
        ],
        "compile_time": 0.0,
        "total_times": [
          13.281748541048728,
          12.233721124997828,
          12.568436582980212
        ]
      }
    },
    "8192": {
      "arcle-sync": {
        "times": [
          36.95388287497917,
          33.35086541698547,
          30.773173583031166
        ],
        "sps": [
          22168.171143787058,
          24563.080740411147,
          26620.588799191006
        ],
        "compile_time": 0.0,
        "total_times": [
          36.95388287497917,
          33.35086541698547,
          30.773173583031166
        ]
      }
    },
    "16384": {
      "arcle-sync": {
        "times": [
          94.70491170795867,
          87.86860129097477,
          90.24634395801695
        ],
        "sps": [
          17300.053085444295,
          18646.023447835225,
          18154.75207241849
        ],
        "compile_time": 0.0,
        "total_times": [
          94.70491170795867,
          87.86860129097477,
          90.24634395801695
        ]
      }
    },
    "32768": {
      "arcle-sync": {
        "times": [
          301.0711752080242,
          290.8965209170128,
          295.7163299159729
        ],
        "sps": [
          10883.805125933775,
          11264.486731124598,
          11080.889584052038
        ],
        "compile_time": 0.0,
        "total_times": [
          301.0711752080242,
          290.8965209170128,
          295.7163299159729
        ]
      }
    },
    "65536": {
      "arcle-sync": {
        "times": [
          1043.320556791965,
          912.4089660830214,
          882.7530220839544
        ],