{
  "meta": {
    "system": {
      "python": "3.13.5",
      "platform": "linux",
      "jax": "0.6.2",
      "numpy": "2.3.1",
      "gymnasium": "1.2.0",
      "devices": [
        "gpu:0"
      ]
    },
    "runs": 5,
    "batch_powers": [
      0,
      1,
      2,
      3,
      4,
      5,
      6,
      7,
      8,
      9,
      10,
      11,
      12,
      13,
      14,
      15,
      16,
      17,
      18,
      19,
      20,
      21,
      22,
      23,
      24,
      25
    ],
    "fixed_steps": 100,
    "modes": [
      "jaxarc-jit"
    ],
    "num_devices": 1,
    "unroll": 1,
    "timestamp": "20250915-211846",
    "run_tag": "rtx",
    "task": {
      "task_id": "Most_Common_color_l6ab0lf3xztbyxsu3p",
      "task_idx": 12
    },
    "mode": "jaxarc-jit"
  },
  "throughput": {
    "1": {
      "times": [
        0.048637877000146545,
        0.04578206599990153,
        0.041783606999615586,
        0.04006472099990788,
        0.0399413079999249
      ],
      "sps": [
        2056.01079174773,
        2184.261409264822,
        2393.28308829154,
        2495.961471945104,
        2503.6736403371674
      ],
      "compile_time": 7.353390556999784,
      "total_times": [
        7.402028433999931,
        7.399172622999686,
        7.3951741639994,
        7.393455277999692,
        7.393331864999709
      ]
    },
    "2": {
      "times": [
        0.04396076000011817,
        0.04016070399984528,
        0.03942671599997993,
        0.039508619000116596,
        0.03940578899982938
      ],
      "sps": [
        4549.511882857857,
        4979.992382622837,
        5072.702479204755,
        5062.186557303098,
        5075.396409417559
      ],
      "compile_time": 8.17715794500009,
      "total_times": [
        8.221118705000208,
        8.217318648999935,
        8.21658466100007,
        8.216666564000207,
        8.21656373399992
      ]
    },
    "4": {
      "times": [
        0.04499447099988174,
        0.04259279899997637,
        0.04261881999991601,
        0.042731031000130315,
        0.042622332999599166
      ],
      "sps": [
        8889.981171265494,
        9391.258836974343,
        9385.524986397753,
        9360.87874871964,
        9384.751416675424
      ],
      "compile_time": 7.965148426999804,
      "total_times": [
        8.010142897999685,
        8.00774122599978,
        8.00776724699972,
        8.007879457999934,
        8.007770759999403
      ]
    },
    "8": {
      "times": [
        0.0445704079997995,
        0.0425397740000335,
        0.04250726000009308,
        0.04237620500043704,
        0.04237241900000299
      ],
      "sps": [
        17949.12893782796,
        18805.92971649003,
        18820.31445918293,
        18878.519206515764,
        18880.2060132546
      ],
      "compile_time": 8.116276226000082,
      "total_times": [
        8.160846633999881,
        8.158816000000115,
        8.158783486000175,
        8.158652431000519,
        8.158648645000085
      ]
    },
    "16": {
      "times": [
        0.04485397999997076,
        0.04271443600009661,
        0.04127950900010546,
        0.040161102000183746,
        0.04020639400005166
      ],
      "sps": [
        35671.304976749954,
        37458.06218760283,
        38760.15095033985,
        39839.54424339949,
        39794.665495193236
      ],
      "compile_time": 8.21472994700025,
      "total_times": [
        8.259583927000222,
        8.257444383000347,
        8.256009456000356,
        8.254891049000435,
        8.254936341000302
      ]
    },
    "32": {
      "times": [
        0.045055985000090004,
        0.04285467299996526,
        0.04181345599999986,
        0.040369947999806755,
        0.040352442000312294
      ],
      "sps": [
        71022.75091741103,
        74670.96995472569,
        76530.38772973014,
        79266.88436693845,
        79301.2725221248
      ],
      "compile_time": 8.175005703999886,
      "total_times": [
        8.220061688999976,
        8.217860376999852,
        8.216819159999886,
        8.215375651999693,
        8.215358146000199
      ]
    },
    "64": {
      "times": [
        0.04518834800001059,
        0.04302121899991107,
        0.04303600599996571,
        0.04307940699982282,
        0.04224193899972306
      ],
      "sps": [
        141629.430666474,
        148763.79955698675,
        148712.68490865763,
        148562.86206600573,
        151508.19662994065
      ],
      "compile_time": 9.229559913999765,
      "total_times": [
        9.274748261999775,
        9.272581132999676,
        9.27259591999973,
        9.272639320999588,
        9.271801852999488
      ]
    },
    "128": {
      "times": [
        0.04484901899968463,
        0.04251062599996658,
        0.04247003299997232,
        0.04245325900001262,
        0.04174742800023523
      ],
      "sps": [
        285402.00623095024,
        301101.1882066866,
        301388.98173232743,
        301508.06561155163,
        306605.7147263749
      ],
      "compile_time": 8.516036599000017,
      "total_times": [
        8.560885617999702,
        8.558547224999984,
        8.55850663199999,
        8.55848985800003,
        8.557784027000253
      ]
    },
    "256": {
      "times": [
        0.04566610599977139,
        0.04297323700029665,
        0.0429266640003334,
        0.04291088700028922,
        0.04288245999987339
      ],
      "sps": [
        560590.8241908815,
        595719.6103198668,
        596365.9323678442,
        596585.1975939685,
        596980.6769498668
      ],
      "compile_time": 8.485419374999765,
      "total_times": [
        8.531085480999536,
        8.528392612000061,
        8.528346039000098,
        8.528330262000054,
        8.528301834999638
      ]
    },
    "512": {
      "times": [
        0.04672136299996055,
        0.0444354689998363,
        0.04443330300000525,
        0.044458588999987114,
        0.04426900999987993
      ],
      "sps": [
        1095858.4406033538,
        1152232.6905155117,
        1152288.8586516727,
        1151633.489763133,
        1156565.2812235663
      ],
      "compile_time": 9.121714972000063,
      "total_times": [
        9.168436335000024,
        9.1661504409999,
        9.166148275000069,
        9.16617356100005,
        9.165983981999943
      ]
    },
    "1024": {
      "times": [
        0.050319146000219916,
        0.04723467299982076,
        0.04492846199991618,
        0.045027740000023186,
        0.0450934660002531
      ],
      "sps": [
        2035010.6895604401,
        2167898.992343793,
        2279178.8421377754,
        2274153.666161066,
        2270838.9725337424
      ],
      "compile_time": 10.03342568700009,
      "total_times": [
        10.08374483300031,
        10.08066035999991,
        10.078354149000006,
        10.078453427000113,
        10.078519153000343
      ]
    },
    "2048": {
      "times": [
        0.053254814999945665,
        0.05107654999983424,
        0.05103911700007302,
        0.05103002500027287,
        0.04907740500038926
      ],
      "sps": [
        3845661.6551988577,
        4009667.8417133624,
        4012608.603705017,
        4013323.528626625,
        4172999.774506733
      ],
      "compile_time": 10.949416090999875,
      "total_times": [
        11.002670905999821,
        11.00049264099971,
        11.000455207999948,
        11.000446116000148,
        10.998493496000265
      ]
    },
    "4096": {
      "times": [
        0.058026278000397724,
        0.05535375799991016,
        0.05538203900005101,
        0.05207318800012217,
        0.0519948179999119
      ],
      "sps": [
        7058870.810173151,
        7399678.265758664,
        7395899.598417146,
        7865852.192476463,
        7877708.120849543
      ],
      "compile_time": 9.71324804699998,