{
  "meta": {
    "system": {
      "python": "3.13.5",
      "platform": "darwin",
      "jax": "0.6.2",
      "numpy": "2.3.1",
      "gymnasium": "1.2.0",
      "devices": ["cpu:0"]
    },
    "runs": 3,
    "batch_powers": [0, 1, 2, 3, 4, 5, 6, 7, 8, 9, 10, 11, 12, 13, 14, 15, 16],
    "fixed_steps": 100,
    "modes": ["arcle-async"],
    "num_devices": 1,
    "unroll": 1,
    "timestamp": "20250915-173558",
    "run_tag": "cpu",
    "task": {
      "task_id": "Most_Common_color_l6ab0lf3xztbyxsu3p",
      "task_idx": 12
    },
    "mode": "arcle-async"
  },
  "throughput": {
    "1": {
      "times": [
        0.006262000009883195, 0.0020682500035036355, 0.0017040829989127815
      ],
      "sps": [15969.338844166705, 48350.05431190573, 58682.587681351666],
      "compile_time": 0.0,
      "total_times": [
        0.006262000009883195, 0.0020682500035036355, 0.0017040829989127815
      ]
    },
    "2": {
      "times": [
        0.03477704200486187, 0.012923040994792245, 0.013069542008452117
      ],
      "sps": [5750.9203908727995, 15476.233502671425, 15302.755052216773],
      "compile_time": 0.0,
      "total_times": [
        0.03477704200486187, 0.012923040994792245, 0.013069542008452117
      ]
    },
    "4": {
      "times": [0.02835258300183341, 0.02024004200939089, 0.018706458999076858],
      "sps": [14108.06204056026, 19762.80483086002, 21382.98862546565],
      "compile_time": 0.0,
      "total_times": [
        0.02835258300183341, 0.02024004200939089, 0.018706458999076858
      ]
    },
    "8": {
      "times": [
        0.03290904199820943, 0.027763459002017044, 0.027972999989287928
      ],
      "sps": [24309.428394893042, 28814.853363259932, 28599.006195486883],
      "compile_time": 0.0,
      "total_times": [
        0.03290904199820943, 0.027763459002017044, 0.027972999989287928
      ]
    },
    "16": {
      "times": [0.060327208004309796, 0.04986462499073241, 0.0468222500057891],
      "sps": [26522.02966007801, 32086.875220607155, 34171.78798118792],
      "compile_time": 0.0,
      "total_times": [
        0.060327208004309796, 0.04986462499073241, 0.0468222500057891
      ]
    },
    "32": {
      "times": [0.10128350000013597, 0.08461941698624287, 0.08073029200022575],
      "sps": [31594.484787706824, 37816.379667567846, 39638.15713674183],
      "compile_time": 0.0,
      "total_times": [
        0.10128350000013597, 0.08461941698624287, 0.08073029200022575
      ]
    },
    "64": {
      "times": [0.34638720798830036, 0.17195062500832137, 0.17590558300435077],
      "sps": [18476.43288321481, 37219.98684035187, 36383.15447805716],
      "compile_time": 0.0,
      "total_times": [
        0.34638720798830036, 0.17195062500832137, 0.17590558300435077
      ]
    },
    "128": {
      "times": [1.19966770800238, 0.4159092500049155, 0.3533389999938663],
      "sps": [10669.621191449629, 30775.944511570062, 36225.83411461004],
      "compile_time": 0.0,
      "total_times": [1.19966770800238, 0.4159092500049155, 0.3533389999938663]
    }
  }
}
