{
  "meta": {
    "system": {
      "python": "3.13.5",
      "platform": "darwin",
      "jax": "0.6.2",
      "numpy": "2.3.1",
      "gymnasium": "1.2.0",
      "devices": [
        "cpu:0"
      ]
    },
    "runs": 3,
    "batch_powers": [
      0,
      1,
      2,
      3,
      4,
      5,
      6,
      7,
      8,
      9,
      10,
      11,
      12,
      13,
      14,
      15,
      16
    ],
    "fixed_steps": 100,
    "modes": [
      "jaxarc-jit"
    ],
    "num_devices": 1,
    "unroll": 1,
    "timestamp": "20250915-135852",
    "run_tag": "cpu",
    "task": {
      "task_id": "Most_Common_color_l6ab0lf3xztbyxsu3p",
      "task_idx": 12
    },
    "mode": "jaxarc-jit"
  },
  "throughput": {
    "1": {
      "times": [
        0.0016664169961586595,
        0.0016602079995209351,
        0.001648582998313941
      ],
      "sps": [
        60008.98948493382,
        60233.41655314016,
        60658.15315472331
      ],
      "compile_time": 1.7995857920031995,
      "total_times": [
        1.8012522089993581,
        1.8012460000027204,
        1.8012343750015134
      ]
    },
    "2": {
      "times": [
        0.00379970800713636,
        0.003909874998498708,
        0.003578833013307303
      ],
      "sps": [
        52635.62348063937,
        51152.530471382044,
        55884.13856034434
      ],
      "compile_time": 1.9104997499962337,
      "total_times": [
        1.91429945800337,
        1.9144096249947324,
        1.914078583009541
      ]
    },
    "4": {
      "times": [
        0.005283374994178303,
        0.0053307080088416114,
        0.005588917003478855
      ],
      "sps": [
        75709.18218766527,
        75036.93680774722,
        71570.21651082269
      ],
      "compile_time": 2.0172427090001293,
      "total_times": [
        2.0225260839943076,
        2.022573417008971,
        2.022831626003608
      ]
    },
    "8": {
      "times": [
        0.00916487499489449,
        0.008335250007803552,
        0.008612374993390404
      ],
      "sps": [
        87289.78850728013,
        95977.92498737665,
        92889.59208278352
      ],
      "compile_time": 2.29560974999913,
      "total_times": [
        2.3047746249940246,
        2.3039450000069337,
        2.3042221249925205
      ]
    },
    "16": {
      "times": [
        0.01438462499936577,
        0.014226624989532866,
        0.014113125012954697
      ],
      "sps": [
        111229.87217744956,
        112465.18420055271,
        113369.64694433945
      ],
      "compile_time": 2.2553274169913493,
      "total_times": [
        2.269712041990715,
        2.269554041980882,
        2.269440542004304
      ]
    },
    "32": {
      "times": [
        0.01997283400851302,
        0.019109999993816018,
        0.019705041995621286
      ],
      "sps": [
        160217.6235298438,
        167451.5960772118,
        162394.985035357
      ],
      "compile_time": 2.1788020839885576,
      "total_times": [
        2.1987749179970706,
        2.1979120839823736,
        2.198507125984179
      ]
    },
    "64": {
      "times": [
        0.034616374992765486,
        0.03456120799819473,
        0.035311625004396774
      ],
      "sps": [
        184883.5992023296,
        185178.71251300874,
        181243.42901815235
      ],
      "compile_time": 2.1909177920024376,
      "total_times": [
        2.225534166995203,
        2.2254790000006324,
        2.2262294170068344
      ]
    },
    "128": {
      "times": [
        0.07291833398630843,
        0.0735290000011446,
        0.07332041599147487
      ],
      "sps": [
        175538.84325447428,
        174080.97485074934,
        174576.2053707972
      ],
      "compile_time": 2.028035833995091,
      "total_times": [
        2.1009541679813992,
        2.1015648339962354,
        2.1013562499865657
      ]
    },
    "256": {
      "times": [
        0.14604070800123736,
        0.14652033300080802,
        0.14370837500609923
      ],
      "sps": [
        175293.59005697985,
        174719.77762880747,
        178138.53923902134
      ],
      "compile_time": 2.2763854170043487,
      "total_times": [
        2.422426125005586,
        2.4229057500051567,
        2.420093792010448
      ]
    },
    "512": {
      "times": [
        0.21987245800846722,
        0.21922870799608063,
        0.2204628750041593
      ],
      "sps": [
        232862.271444786,
        233546.0554778955,
        232238.64788588125
      ],
      "compile_time": 2.1771011670061853,
      "total_times": [
        2.3969736250146525,
        2.396329875002266,
        2.3975640420103446
      ]
    },
    "1024": {
      "times": [
        0.39220400000340305,
        0.39676195799256675,
        0.39580445899628103
      ],
      "sps": [
        261088.61714595338,
        258089.25966112516,
        258713.6088857507
      ],
      "compile_time": 2.469698958011577,
      "total_times": [
        2.86190295801498,
        2.8664609160041437,
        2.865503417007858
      ]
    },
    "2048": {
      "times": [
        0.7913449170009699,
        0.7861704170063604,
        0.7822687919979217
      ],
      "sps": [
        258799.9184681046,
        260503.31527336407,
        261802.59534186314
      ],
      "compile_time": 2.7468359589984175,
      "total_times": [
        3.5381808759993874,
        3.533006376004778,
        3.529104750996339
      ]
    },
    "4096": {
      "times": [
        1.3390835000027437,
        1.3240037499926984,
        1.3488031669985503
      ],
      "sps": [
        305880.8505960687,
        309364.68269237067,
        303676.6297868874
      ],
      "compile_time": 2.617936042006477,
      "total_times": [
        3.9570195420092205,
        3.941939791999175,
        3.966739209005027
      ]
    },
    "8192": {
      "times": [
        1.7582469589979155,
        1.7717449159972603,
        1.7556741669977782
      ],
      "sps": [
        465918.62184530083,
        462369.04229461146,
        466601.38617909997
      ],
      "compile_time": 2.551928917004261,
      "total_times": [
        4.310175876002177,
        4.323673833001521,
        4.307603084002039
      ]
    },
    "16384": {
      "times": [
        2.689483250011108,
        2.693223374997615,
        2.6712710420106305
      ],
      "sps": [
        609187.6571431457,
        608341.6679099078,
        613340.9804670357
      ],
      "compile_time": 2.5001160419924418,
      "total_times": [
        5.18959929200355,
        5.193339416990057,
        5.171387084003072
      ]
    },
    "32768": {
      "times": [
        4.671939832987846,
        4.5217279579956084,
        4.535164000000805
      ],
      "sps": [
        701378.8955206617,
        724678.7136333031,
        722531.7540885883
      ],
      "compile_time": 2.3921565000055125,
      "total_times": [
        7.064096332993358,
        6.913884458001121,
        6.927320500006317
      ]
    },
    "65536": {
      "times": [
        8.127801750000799,
        8.119645750004565,
        8.214608833004604
      ],
      "sps": [
        806318.8795173746,
        807128.8085439337,
        797798.1828750003
      ],
      "compile_time": 2.7068043750041397,
      "total_times": [
        10.834606125004939,
        10.826450125008705,
        10.921413208008744
      ]
    }
  }
}